recv_duration ,off_duration ,send_duration ,send_spacing ,avg_disc ,norm_disc           ,norm_rdc            ,cumul               , nodes
100           ,0            ,900           ,1            ,3.0      ,1.0                 ,0.10900000000000001 ,0.5545              ,3
900           ,0            ,100           ,1            ,3.0      ,1.0                 ,0.901               ,0.9505              ,3
50            ,900          ,50            ,1            ,1.4      ,0.19999999999999996 ,0.0505              ,0.12524999999999997 ,3
